Changes made at Thu Nov 20 10:24:41 UTC 2025
Changes made at Thu Nov 20 12:27:16 UTC 2025
Changes made at Thu Nov 20 14:22:51 UTC 2025
Changes made at Thu Nov 20 16:29:51 UTC 2025
Changes made at Fri Nov 21 08:31:23 UTC 2025
Changes made at Fri Nov 21 10:23:39 UTC 2025
Changes made at Fri Nov 21 14:21:24 UTC 2025
Changes made at Fri Nov 21 16:27:43 UTC 2025
Changes made at Sat Nov 22 08:27:03 UTC 2025
Changes made at Sat Nov 22 10:21:07 UTC 2025
Changes made at Sat Nov 22 14:18:19 UTC 2025
Changes made at Sat Nov 22 16:25:20 UTC 2025
Changes made at Sun Nov 23 08:27:24 UTC 2025
Changes made at Sun Nov 23 10:21:05 UTC 2025
Changes made at Sun Nov 23 14:18:21 UTC 2025
Changes made at Sun Nov 23 16:25:32 UTC 2025
